{"position": [0.14670523044796782, 0.5241140678593901, 0.07], "rotation": [0.7071067811865475, 0.0, 0.0, 0.7071067811865476]}